ID,Type,In stock?
2345,simple,0
2400,simple,0
2409,variation,0
2411,variation,0
2438,variation,0
3233,variable,0
3235,variation,0
3236,variation,0
4157,simple,0
4322,simple,0
5273,simple,0
5519,simple,0
5547,simple,0
5567,simple,0
5601,simple,0
5627,simple,0
5645,simple,0
5664,simple,0
5666,simple,0
5668,simple,0
5686,simple,0
5730,simple,0
5744,variable,0
5748,simple,0
5759,variable,0
5910,variation,0
5911,variation,0
5912,variation,0
5913,variation,0
5917,variation,0
5927,variation,0
5928,variation,0
5929,variation,0
5992,simple,0
6002,simple,0
6075,simple,0
6091,simple,0
6093,variable,0
6095,variation,0
6096,variation,0
6124,variable,0
6127,variation,0
6128,variation,0
6133,simple,0
6137,variable,0
6138,variation,0
6139,variation,0
6163,simple,0
6195,variable,0
6197,variation,0
6198,variation,0
6199,variation,0
6200,variation,0
6201,variation,0
6202,variation,0
6203,variation,0
6204,variation,0
6205,variation,0
6206,variation,0
6213,simple,0
6216,simple,0
6274,simple,0
6500,simple,0
6522,variable,0
6523,variation,0
6524,variation,0
6526,variable,0
6528,variation,0
6529,variation,0
7067,simple,0
7069,simple,0
7087,simple,0
7187,simple,0
7237,simple,0
7252,simple,0
7340,simple,0
7465,simple,0
7470,simple,0
7473,simple,0
7498,simple,0
7504,simple,0
8986,simple,0
9220,simple,0
9231,simple,0
9273,simple,0
9362,simple,0
9364,simple,0
10044,simple,0
10055,simple,0
10193,simple,0
10217,simple,0
10253,simple,0
10298,simple,0
10306,simple,0
10320,simple,0
10368,simple,0
10458,variable,0
10484,simple,0
10504,variation,0
10505,variation,0
10563,simple,0
10567,simple,0
10592,variable,0
10596,variation,0
10597,variation,0
10598,simple,0
11391,simple,0
11399,simple,0
11400,simple,0
11412,simple,0
11416,simple,0
11420,simple,0
11422,simple,0
11443,simple,0
11459,simple,0
11540,simple,0
11603,simple,0
11658,variable,0
11660,variation,0
11661,variation,0
11662,variation,0
11663,variation,0
11677,simple,0
11701,simple,0
11716,simple,0
11752,variable,0
11760,variation,0
11761,variation,0
11762,variation,0
11763,variation,0
11764,variation,0
11819,simple,0
11877,variable,0
11880,variation,0
11881,variation,0
11882,variation,0
11883,variation,0
11884,variation,0
11935,simple,0
11938,simple,0
11987,variable,0
12009,simple,0
12037,simple,0
12095,simple,0
12115,simple,0
12136,simple,0
12183,simple,0
12210,simple,0
12215,simple,0
12222,simple,0
12227,simple,0
12231,simple,0
12232,simple,0
12233,simple,0
12236,simple,0
12246,simple,0
12250,simple,0
12251,variable,0
12252,variation,0
12253,variation,0
12254,variation,0
12255,variation,0
12256,variation,0
12257,variation,0
12303,simple,0
13131,simple,0
13414,simple,0
13711,variation,0
14156,simple,0
14685,simple,0
14687,simple,0
14732,simple,0
15297,simple,0
15374,simple,0
15375,simple,0
16006,simple,0
16014,simple,0
16016,simple,0
16049,simple,0
16406,simple,0
16444,simple,0
16475,simple,0
16481,variable,0
16495,variable,0
16500,variation,0
16501,variation,0
16502,variation,0
16573,simple,0
16624,variation,0
16640,variation,0
16641,variation,0
18507,simple,0
20997,simple,0
21005,simple,0
21006,simple,0
21013,variable,0
21015,simple,0
21017,simple,0
21026,variable,0
21030,simple,0
21033,simple,0
21035,simple,0
21044,simple,0
21045,simple,0
21052,simple,0
21081,simple,0
21086,simple,0
21115,simple,0
21146,simple,0
21156,simple,0
21163,simple,0
21173,simple,0
21180,simple,0
21181,simple,0
21183,simple,0
21198,simple,0
21199,simple,0
21200,simple,0
21201,simple,0
21311,variable,0
21313,variation,0
21314,variation,0
21315,variation,0
21316,variation,0
21317,simple,0
21332,simple,0
21364,simple,0
21369,simple,0
21415,simple,0
21443,simple,0
21555,simple,0
21616,simple,0
21617,simple,0
21620,variable,0
21622,variation,0
21623,variation,0
21624,variation,0
21625,variation,0
21626,variation,0
21629,variable,0
21636,variation,0
21637,variation,0
21642,simple,0
21659,variable,0
21660,variation,0
21661,variation,0
21662,variation,0
21663,variation,0
21664,variation,0
21665,variation,0
21667,variation,0
21668,variation,0
21669,variation,0
21670,variation,0
21671,variable,0
21679,simple,0
21712,simple,0
21713,simple,0
21754,simple,0
21760,simple,0
21772,simple,0
21776,simple,0
21778,simple,0
21783,variable,0
21789,simple,0
21818,simple,0
21826,simple,0
21827,simple,0
21867,variable,0
21868,variation,0
21869,variation,0
21870,variation,0
21871,variation,0
21872,variation,0
21873,variation,0
21874,variation,0
21875,variation,0
21876,variation,0
21877,variation,0
21878,variation,0
21879,variation,0
21880,simple,0
21882,simple,0
21888,simple,0
21900,simple,0
21902,simple,0
21904,simple,0
21907,simple,0
21910,simple,0
21932,simple,0
21934,simple,0
21963,simple,0
21971,simple,0
21972,simple,0
21973,variable,0
21986,simple,0
22003,simple,0
22018,simple,0
22019,simple,0
22021,simple,0
22022,simple,0
22023,variable,0
22025,simple,0
22058,simple,0
22067,simple,0
22090,variable,0
22102,simple,0
22176,simple,0
22179,variable,0
22180,variation,0
22181,variation,0
22182,simple,0
22187,simple,0
22194,variation,0
22195,variation,0
22209,variation,0
22210,simple,0
22211,variable,0
22214,variation,0
22215,variation,0
22216,variation,0
22224,simple,0
22226,simple,0
22230,simple,0
22232,simple,0
22235,simple,0
22237,variable,0
22239,simple,0
22241,simple,0
22245,simple,0
22246,simple,0
22247,variable,0
22251,simple,0
22270,simple,0
22274,simple,0
22276,simple,0
22278,simple,0
22281,simple,0
22284,simple,0
22287,simple,0
22299,simple,0
22304,simple,0
22309,simple,0
22312,simple,0
22330,simple,0
22340,variable,0
22359,variation,0
22360,variation,0
22361,variation,0
22362,variation,0
22363,variation,0
22364,variation,0
22366,variation,0
22367,variation,0
22368,variation,0
22369,variation,0
22370,variation,0
22372,simple,0
22374,simple,0
22376,simple,0
22379,variation,0
22380,variation,0
22381,variation,0
22383,variation,0
22384,variation,0
22385,variation,0
22386,variable,0
22390,variation,0
22391,variation,0
22392,variable,0
22396,variation,0
22397,variation,0
22398,variation,0
22399,variation,0
22400,variation,0
22401,variation,0
22411,variation,0
22412,variation,0
22413,variation,0
22414,variation,0
22416,variation,0
22417,variation,0
22418,variation,0
22419,variation,0
22420,variation,0
22421,variation,0
22423,variation,0
22424,variation,0
22425,variation,0
22426,variation,0
22427,variation,0
22428,variation,0
22440,variation,0
22441,variation,0
22442,variation,0
22443,variation,0
22444,variation,0
22445,variation,0
22447,variable,0
22454,variation,0
22455,variation,0
22456,variation,0
22457,variation,0
22458,simple,0
22462,simple,0
22472,simple,0
22474,variable,0
22475,variation,0
22476,variation,0
22492,simple,0
22508,variable,0
22509,variation,0
22510,variation,0
22511,variation,0
22512,variable,0
22513,variation,0
22514,variation,0
22515,variable,0
22516,variation,0
22517,variation,0
22525,simple,0
22526,simple,0
22528,simple,0
22529,variable,0
22530,variation,0
22531,variation,0
22532,simple,0
22540,variable,0
22541,variation,0
22542,variation,0
22543,variation,0
22544,variation,0
22545,variation,0
22546,variable,0
22547,variation,0
22548,variation,0
22549,variation,0
22550,variation,0
22551,variation,0
22575,simple,0
22584,simple,0
22594,simple,0
22596,simple,0
22598,simple,0
22602,variation,0
22603,variation,0
22604,variation,0
22605,variation,0
22607,simple,0
22610,simple,0
22612,simple,0
22619,simple,0
22625,simple,0
22628,simple,0
22633,simple,0
22638,simple,0
22643,variable,0
22649,variation,0
22650,variation,0
22651,simple,0
22653,simple,0
22658,simple,0
22662,simple,0
22674,simple,0
22692,simple,0
22696,simple,0
22710,simple,0
22734,simple,0
22735,simple,0
22736,simple,0
22740,simple,0
22742,simple,0
22745,simple,0
22750,simple,0
22845,simple,0
22850,simple,0
22854,simple,0
22859,simple,0
22861,simple,0
22867,simple,0
22868,simple,0
22876,simple,0
22888,simple,0
22889,simple,0
22890,simple,0
22891,simple,0
22922,simple,0
22936,simple,0
22940,simple,1
22944,simple,0
22947,simple,0
22973,simple,0
22976,variable,0
22987,simple,0
22989,simple,0
23008,variable,0
23010,variation,0
23011,variation,0
23014,simple,0
23024,simple,0
23039,simple,0
23047,variable,0
23059,variable,0
23062,variable,0
23106,simple,0
23116,simple,0
23138,simple,0
23143,variation,0
23144,variation,0
23146,variation,0
23147,variation,0
23149,variation,0
23150,variation,0
23157,simple,0
23158,simple,0
23167,simple,0
23169,simple,0
23170,simple,0
23177,simple,0
23178,simple,1
23185,simple,1
23186,simple,0
23187,simple,1
23188,simple,1
23194,simple,0
23199,simple,0
23202,simple,0
23205,simple,0
23210,variable,0
23211,variation,0
23212,variation,0
23240,variation,0
23241,variation,0
23252,variable,0
23256,variation,0
23257,variation,0
23258,variation,0
23272,simple,1
23288,variable,0
23289,variation,0
23290,variation,0
23291,variable,0
23292,variation,0
23293,variation,0
23314,variable,0
23315,variation,0
23316,variation,0
23317,variation,0
23318,simple,0
23337,variable,1
23344,variation,0
23345,variation,0
23354,simple,0
23449,simple,0
23503,variable,0
23507,variation,0
23508,variation,0
23520,simple,0
23528,simple,0
23535,simple,0
23542,simple,0
23588,simple,0
23640,simple,0
23646,simple,1
23651,simple,1
23661,simple,1
23675,simple,1
23680,simple,1
23686,simple,1
23690,simple,1
23700,simple,1
23706,simple,1
23719,simple,1
23722,simple,1
23723,simple,1
23729,simple,1
23767,simple,1
23778,simple,0